<?xml version="1.0" encoding="UTF-8"?>

<mule xmlns:oauth2="http://www.mulesoft.org/schema/mule/oauth2" xmlns:http="http://www.mulesoft.org/schema/mule/http" xmlns="http://www.mulesoft.org/schema/mule/core" xmlns:doc="http://www.mulesoft.org/schema/mule/documentation"
	xmlns:spring="http://www.springframework.org/schema/beans" 
	xmlns:xsi="http://www.w3.org/2001/XMLSchema-instance"
	xsi:schemaLocation="http://www.springframework.org/schema/beans http://www.springframework.org/schema/beans/spring-beans-current.xsd
http://www.mulesoft.org/schema/mule/core http://www.mulesoft.org/schema/mule/core/current/mule.xsd
http://www.mulesoft.org/schema/mule/oauth2 http://www.mulesoft.org/schema/mule/oauth2/current/mule-oauth2.xsd
http://www.mulesoft.org/schema/mule/http http://www.mulesoft.org/schema/mule/http/current/mule-http.xsd">
    <http:listener-config name="HTTP_Listener_Configuration" host="0.0.0.0" port="8081" doc:name="HTTP Listener Configuration"/>
    <http:request-config name="HTTP_Request_Configuration" host="cliq.zoho.com" port="80" doc:name="HTTP Request Configuration">
        <oauth2:authorization-code-grant-type clientId="1000.SNR5466ZLH0403766ZLNCTZ8LUTGZH" clientSecret="a49920df7936aec336162671b2700441eb220931b1" redirectionUrl="http://localhost:8082/callback">
            <oauth2:authorization-request authorizationUrl="https://accounts.zoho.com/oauth/v2/auth" localAuthorizationUrl="http://localhost:8082/auth" scopes="ZohoCliq.Channels.CREATE,ZohoCliq.Channels.READ,ZohoCliq.Channels.UPDATE,ZohoCliq.Channels.DELETE"/>
            <oauth2:token-request tokenUrl="https://accounts.zoho.com/oauth/v2/token">
                <oauth2:token-response refreshToken="https://accounts.zoho.com/oauth/v2/token"/>
            </oauth2:token-request>
        </oauth2:authorization-code-grant-type>
    </http:request-config>
    <flow name="whileloopFlow">
        <http:listener config-ref="HTTP_Listener_Configuration" path="/oauth" doc:name="HTTP"/>
        <http:request config-ref="HTTP_Request_Configuration" path="/api/v2/channels" method="GET" doc:name="HTTP"/>
    </flow>
</mule>
